House_Size_sqft,Price_lakhs
702,40.69
1035,60.68
870,49.76
706,46.89
671,39.21
620,38.76
721,41.61
1066,62.17
814,48.07
930,57.64
1058,61.78
687,38.97
972,54.65
699,46.55
730,41.04
908,57.58
943,58.26
1091,66.36
1013,57.62
985,53.28
791,45.97
876,53.05
760,48.48
1059,57.83
913,48.82
621,37.81
852,46.89
1160,67.68
1074,59.55
658,37.58
1689,148.89
1865,169.32
1405,129.21
1776,157.53
1701,149.8
1855,165.55
1461,140.49
1501,140.54
1569,148.73
1570,147.81
1755,159.92
1761,162.38
1551,145.36
1595,142.71
1637,144.92
1352,129.17
1516,141.68
1487,140.47
1679,152.12
1792,158.75
1340,129.25
1456,136.11
1314,122.27
1364,124.09
1820,160.88
1643,149.38
1428,130.97
1947,168.57
1771,159.14
1362,132.93
2602,294.53
2866,324.15
2497,287.34
2970,335.24
2894,328.87
2492,285.85
2306,263.8
3138,362.55
2991,339.28
2963,338.56
2842,329.82
2663,306.45
3120,361.8
2195,269.03
2584,306.78
2330,285.13
2848,327.4
2640,302.22
3159,347.59
2624,296.66
2677,315.81
2781,313.9
2656,313.77
3112,358.02
2745,322.41
2895,321.96
3151,346.81
2289,266.15
2732,305.14
2727,304.66
