StudyHours,Attendance,Passed
1.5,52,0
2.0,55,0
2.2,58,0
2.5,60,0
2.8,62,0
3.0,64,0
3.1,65,0
3.3,66,0
3.5,67,0
3.6,68,0
3.8,69,0
4.0,70,0
4.1,71,0
4.2,72,0
4.3,73,0
4.4,74,0
4.5,74,0
4.6,75,0
4.7,75,0
4.8,76,0
4.9,76,0
5.0,77,0
5.1,77,0
5.2,78,0
5.3,78,0
5.4,79,0
5.5,79,0
5.6,80,0
5.7,80,0
5.8,81,0
6.0,82,1
6.1,82,1
6.2,83,1
6.3,83,1
6.4,84,1
6.5,84,1
6.6,85,1
6.7,85,1
6.8,86,1
6.9,86,1
7.0,87,1
7.1,87,1
7.2,88,1
7.3,88,1
7.4,89,1
7.5,89,1
7.6,90,1
7.7,90,1
7.8,91,1
7.9,91,1
8.0,92,1
8.1,92,1
8.2,93,1
8.3,93,1
8.4,94,1
8.5,94,1
8.6,95,1
8.7,95,1
8.8,96,1
8.9,96,1
2.3,59,0
2.7,61,0
3.2,65,0
3.9,70,0
4.7,74,0
5.2,77,0
5.9,81,0
6.0,83,1
6.3,84,1
6.8,87,1
7.1,88,1
7.6,90,1
8.1,92,1
8.4,94,1
1.8,54,0
2.6,60,0
3.4,66,0
4.0,69,0
4.8,75,0
5.5,80,0
6.1,83,1
6.7,86,1
7.2,89,1
7.9,92,1
8.5,95,1
1.9,53,0
2.9,63,0
3.7,68,0
4.5,73,0
5.4,79,0
6.2,84,1
7.0,87,1
7.8,91,1
8.6,96,1
5.8,81,0
6.4,85,1
7.4,90,1
4.2,71,0
3.0,62,0
8.9,97,1